day,week,focus,minutes_budget,attempt_status,independent_or_hinted,strongest_hint,invariant_explained,runtime_and_space_explained,amortized_or_expected_assumptions,tests_passed,first_failed_test,repair_target,actual_minutes
1,1,Array-backed stack and resizing,90,,,,,,,,,,
2,1,Stacks for nesting,90,,,,,,,,,,
3,1,Monotonic stack,90,,,,,,,,,,
4,1,Circular queue and deque operations,90,,,,,,,,,,
5,1,Queue from two stacks and weekly checkpoint,90,,,,,,,,,,
6,2,Singly linked lists,90,,,,,,,,,,
7,2,Reversal without losing nodes,90,,,,,,,,,,
8,2,Sentinels and merging lists,90,,,,,,,,,,
9,2,Fast/slow pointers,90,,,,,,,,,,
10,2,Doubly linked lists and linked queue,90,,,,,,,,,,
11,3,Hashing with separate chaining,90,,,,,,,,,,
12,3,Hash maps for lookup and counting,90,,,,,,,,,,
13,3,"Open addressing, deletion and growth",90,,,,,,,,,,
14,3,Prefix sums plus hashing,90,,,,,,,,,,
15,3,Killer application: LRU cache,90,,,,,,,,,,
16,4,Binary min-heap and priority queue,90,,,,,,,,,,
17,4,Bottom-up heapify and heapsort,90,,,,,,,,,,
18,4,Killer application: top-k in a stream,90,,,,,,,,,,
19,4,Killer application: k-way merge,90,,,,,,,,,,
20,4,Cumulative interview and GATE checkpoint,90,,,,,,,,,,
