date,day,week,focus,minutes_budget,attempt_status,independent_or_hinted,strongest_hint,invariant_explained,runtime_and_space_explained,amortized_or_expected_assumptions,tests_passed,first_failed_test,repair_target,actual_minutes
2026-10-05,1,1,Overview: stacks,90,,,,,,,,,,
2026-10-06,2,1,Overview: queues and deques,90,,,,,,,,,,
2026-10-07,3,1,Overview: linked lists,90,,,,,,,,,,
2026-10-08,4,1,Overview: hash tables,90,,,,,,,,,,
2026-10-09,5,1,Overview: heaps and priority queues,90,,,,,,,,,,
2026-10-12,6,2,Stacks for nesting,90,,,,,,,,,,
2026-10-13,7,2,Monotonic stack,90,,,,,,,,,,
2026-10-14,8,2,Queue applications: lazy transfer and amortization,90,,,,,,,,,,
2026-10-15,9,2,Reversal without losing nodes,90,,,,,,,,,,
2026-10-16,10,2,Sentinels and merging lists,90,,,,,,,,,,
2026-10-19,11,3,Fast/slow pointers,90,,,,,,,,,,
2026-10-20,12,3,Hash maps for lookup and counting,90,,,,,,,,,,
2026-10-21,13,3,"Open addressing, deletion and growth",90,,,,,,,,,,
2026-10-22,14,3,Prefix sums plus hashing,90,,,,,,,,,,
2026-10-23,15,3,Killer application: linked list + hashing for LRU,90,,,,,,,,,,
2026-10-26,16,4,Bottom-up heapify and heapsort,90,,,,,,,,,,
2026-10-27,17,4,Killer application: top-k in a stream,90,,,,,,,,,,
2026-10-28,18,4,Killer application: k-way merge,90,,,,,,,,,,
2026-10-29,19,4,Killer application: sliding-window maximum,90,,,,,,,,,,
2026-10-30,20,4,Cumulative interview and GATE checkpoint,90,,,,,,,,,,
